Uid,Sid,Key,Time,Value,UpdateTime,screen_time_minutes
8298142508,2071160220,sleep,1774332420,"{""bed_duration"":25080,""duration"":410,""device_bedtime"":1774307820,""min_spo2"":95,""min_hr"":53,""sleep_deep_duration"":133,""sleep_awake_duration"":0,""max_hr"":91,""version"":5,""max_spo2"":99,""avg_breath"":16,""sleep_algorithm_version"":0,""bedtime"":1774307820,""awake_count"":0,""avg_hr"":61,""out_bed_timestamp"":1774332420,""has_stage"":true,""timezone"":4,""sleep_duration"":480,""items"":[{""start_time"":1774307820,""end_time"":1774309080,""state"":3},{""start_time"":1774309080,""end_time"":1774310280,""state"":2},{""start_time"":1774310280,""end_time"":1774311720,""state"":3},{""start_time"":1774311720,""end_time"":1774312380,""state"":4},{""start_time"":1774312380,""end_time"":1774313340,""state"":2},{""start_time"":1774313340,""end_time"":1774314660,""state"":3},{""start_time"":1774314660,""end_time"":1774315800,""state"":4},{""start_time"":1774315800,""end_time"":1774316160,""state"":2},{""start_time"":1774316160,""end_time"":1774318140,""state"":3},{""end_time"":1774319700,""start_time"":1774318140,""state"":2},{""end_time"":1774320720,""start_time"":1774319700,""state"":4},{""start_time"":1774320720,""end_time"":1774321020,""state"":2},{""start_time"":1774321020,""end_time"":1774321560,""state"":4},{""start_time"":1774321560,""end_time"":1774322280,""state"":2},{""start_time"":1774322280,""end_time"":1774324920,""state"":3},{""start_time"":1774324920,""end_time"":1774327800,""state"":2},{""start_time"":1774327800,""end_time"":1774328340,""state"":3},{""start_time"":1774328340,""end_time"":1774329360,""state"":4},{""start_time"":1774329360,""end_time"":1774329780,""state"":3},{""start_time"":1774329780,""end_time"":1774332420,""state"":4}],""wake_up_time"":1774332420,""avg_spo2"":98,""device_wake_up_time"":1774332420,""sleep_light_duration"":160,""has_rem"":true,""bed_timestamp"":1774307340,""sleep_efficiency"":98,""sleep_rem_duration"":117}",1774338937,468
8298142508,2071160220,sleep,1774252260,"{""sleep_rem_duration"":127,""bed_duration"":27360,""sleep_duration"":420,""avg_hr"":61,""device_wake_up_time"":1774252260,""duration"":449,""avg_breath"":17,""items"":[{""start_time"":1774225320,""state"":3,""end_time"":1774226460},{""start_time"":1774226460,""state"":2,""end_time"":1774227000},{""start_time"":1774227000,""state"":3,""end_time"":1774227720},{""start_time"":1774227720,""state"":4,""end_time"":1774230120},{""start_time"":1774230120,""state"":2,""end_time"":1774231260},{""start_time"":1774231260,""state"":3,""end_time"":1774232100},{""start_time"":1774232100,""state"":4,""end_time"":1774232700},{""start_time"":1774232700,""state"":2,""end_time"":1774233300},{""start_time"":1774233300,""state"":3,""end_time"":1774233900},{""start_time"":1774233900,""state"":4,""end_time"":1774234860},{""start_time"":1774234860,""state"":2,""end_time"":1774235940},{""start_time"":1774235940,""state"":4,""end_time"":1774236780},{""start_time"":1774236780,""state"":2,""end_time"":1774237320},{""start_time"":1774237320,""state"":3,""end_time"":1774238940},{""start_time"":1774238940,""state"":4,""end_time"":1774239300},{""end_time"":1774239900,""state"":3,""start_time"":1774239300},{""end_time"":1774240560,""state"":2,""start_time"":1774239900},{""end_time"":1774241640,""state"":4,""start_time"":1774240560},{""end_time"":1774242420,""start_time"":1774241640,""state"":2},{""end_time"":1774245480,""start_time"":1774242420,""state"":3},{""end_time"":1774247640,""start_time"":1774245480,""state"":2},{""end_time"":1774248000,""start_time"":1774247640,""state"":3},{""end_time"":1774248660,""start_time"":1774248000,""state"":4},{""end_time"":1774250760,""start_time"":1774248660,""state"":3},{""end_time"":1774251060,""start_time"":1774250760,""state"":4},{""end_time"":1774251240,""start_time"":1774251060,""state"":2},{""end_time"":1774251540,""start_time"":1774251240,""state"":4},{""end_time"":1774252140,""start_time"":1774251540,""state"":3},{""end_time"":1774252260,""start_time"":1774252140,""state"":4}],""max_spo2"":99,""has_stage"":true,""max_hr"":83,""avg_spo2"":98,""sleep_awake_duration"":0,""bed_timestamp"":1774224900,""sleep_light_duration"":194,""min_hr"":53,""sleep_efficiency"":98,""timezone"":4,""has_rem"":true,""awake_count"":0,""sleep_deep_duration"":128,""min_spo2"":95,""bedtime"":1774225320,""version"":5,""wake_up_time"":1774252260,""out_bed_timestamp"":1774252260,""sleep_algorithm_version"":0,""device_bedtime"":1774225320}",1774256015,394
8298142508,2071160220,sleep,1774164840,"{""avg_spo2"":98,""bed_duration"":25020,""bedtime"":1774140420,""sleep_deep_duration"":137,""timezone"":4,""min_hr"":54,""sleep_rem_duration"":102,""bed_timestamp"":1774139820,""avg_breath"":16,""max_hr"":89,""sleep_duration"":600,""sleep_awake_duration"":0,""duration"":407,""wake_up_time"":1774164840,""version"":5,""sleep_efficiency"":97,""max_spo2"":99,""sleep_algorithm_version"":0,""awake_count"":0,""has_rem"":true,""device_bedtime"":1774140420,""avg_hr"":66,""items"":[{""start_time"":1774140420,""state"":3,""end_time"":1774141200},{""start_time"":1774141200,""state"":2,""end_time"":1774142640},{""start_time"":1774142640,""state"":4,""end_time"":1774143840},{""start_time"":1774143840,""state"":2,""end_time"":1774144920},{""start_time"":1774144920,""state"":3,""end_time"":1774146240},{""start_time"":1774146240,""state"":4,""end_time"":1774146840},{""start_time"":1774146840,""state"":2,""end_time"":1774148160},{""start_time"":1774148160,""state"":3,""end_time"":1774149060},{""start_time"":1774149060,""state"":4,""end_time"":1774149540},{""start_time"":1774149540,""state"":2,""end_time"":1774150080},{""start_time"":1774150080,""state"":3,""end_time"":1774151460},{""start_time"":1774151460,""state"":4,""end_time"":1774152300},{""start_time"":1774152300,""state"":3,""end_time"":1774152660},{""start_time"":1774152660,""state"":2,""end_time"":1774154400},{""start_time"":1774154400,""state"":3,""end_time"":1774156740},{""start_time"":1774156740,""state"":4,""end_time"":1774158360},{""start_time"":1774158360,""state"":2,""end_time"":1774160460},{""start_time"":1774160460,""state"":3,""end_time"":1774161300},{""start_time"":1774161300,""state"":4,""end_time"":1774162140},{""start_time"":1774162140,""state"":3,""end_time"":1774164300},{""start_time"":1774164300,""state"":4,""end_time"":1774164840}],""sleep_light_duration"":168,""device_wake_up_time"":1774164840,""min_spo2"":95,""out_bed_timestamp"":1774164840,""has_stage"":true}",1774168450,197
8298142508,2071160220,sleep,1774076460,"{""min_hr"":50,""avg_hr"":61,""wake_up_time"":1774076460,""sleep_efficiency"":98,""device_wake_up_time"":1774076460,""max_spo2"":99,""sleep_awake_duration"":0,""items"":[{""state"":3,""start_time"":1774050900,""end_time"":1774051620},{""state"":2,""start_time"":1774051620,""end_time"":1774052340},{""state"":3,""start_time"":1774052340,""end_time"":1774053240},{""state"":2,""start_time"":1774053240,""end_time"":1774053720},{""state"":3,""start_time"":1774053720,""end_time"":1774054380},{""state"":4,""start_time"":1774054380,""end_time"":1774054800},{""state"":2,""start_time"":1774054800,""end_time"":1774056600},{""state"":3,""start_time"":1774056600,""end_time"":1774057440},{""state"":4,""start_time"":1774057440,""end_time"":1774057740},{""state"":2,""start_time"":1774057740,""end_time"":1774058520},{""state"":4,""start_time"":1774058520,""end_time"":1774058820},{""state"":2,""start_time"":1774058820,""end_time"":1774059300},{""state"":4,""start_time"":1774059300,""end_time"":1774060440},{""state"":2,""start_time"":1774060440,""end_time"":1774060980},{""state"":3,""start_time"":1774060980,""end_time"":1774062000},{""state"":4,""start_time"":1774062000,""end_time"":1774062660},{""state"":3,""start_time"":1774062660,""end_time"":1774063800},{""state"":4,""start_time"":1774063800,""end_time"":1774064100},{""state"":2,""start_time"":1774064100,""end_time"":1774065900},{""state"":3,""start_time"":1774065900,""end_time"":1774067160},{""state"":4,""start_time"":1774067160,""end_time"":1774067580},{""state"":3,""start_time"":1774067580,""end_time"":1774069860},{""end_time"":1774070460,""state"":4,""start_time"":1774069860},{""end_time"":1774073640,""state"":3,""start_time"":1774070460},{""state"":4,""end_time"":1774076460,""start_time"":1774073640}],""bedtime"":1774050900,""duration"":426,""version"":5,""timezone"":4,""sleep_light_duration"":200,""has_stage"":true,""awake_count"":0,""sleep_algorithm_version"":0,""sleep_rem_duration"":116,""sleep_duration"":480,""bed_timestamp"":1774050420,""avg_spo2"":97,""has_rem"":true,""max_hr"":89,""min_spo2"":95,""avg_breath"":16,""device_bedtime"":1774050900,""out_bed_timestamp"":1774076460,""bed_duration"":26040,""sleep_deep_duration"":110}",1774082087,165
8298142508,2071160220,sleep,1773990120,"{""out_bed_timestamp"":1773990120,""min_spo2"":93,""sleep_awake_duration"":0,""duration"":427,""bed_duration"":26040,""avg_spo2"":97,""timezone"":4,""has_rem"":true,""avg_hr"":57,""version"":5,""sleep_algorithm_version"":0,""device_bedtime"":1773964500,""max_hr"":84,""sleep_duration"":420,""bedtime"":1773964500,""max_spo2"":99,""sleep_light_duration"":114,""avg_breath"":16,""sleep_rem_duration"":180,""has_stage"":true,""min_hr"":49,""sleep_efficiency"":98,""bed_timestamp"":1773964080,""items"":[{""state"":3,""end_time"":1773965280,""start_time"":1773964500},{""state"":2,""end_time"":1773965700,""start_time"":1773965280},{""state"":3,""end_time"":1773966060,""start_time"":1773965700},{""state"":2,""end_time"":1773966960,""start_time"":1773966060},{""state"":3,""end_time"":1773967800,""start_time"":1773966960},{""state"":4,""end_time"":1773968460,""start_time"":1773967800},{""state"":2,""end_time"":1773969120,""start_time"":1773968460},{""state"":4,""end_time"":1773969720,""start_time"":1773969120},{""state"":2,""end_time"":1773970500,""start_time"":1773969720},{""state"":4,""end_time"":1773970860,""start_time"":1773970500},{""state"":2,""end_time"":1773971580,""start_time"":1773970860},{""state"":4,""end_time"":1773972180,""start_time"":1773971580},{""start_time"":1773972180,""end_time"":1773973500,""state"":2},{""start_time"":1773973500,""end_time"":1773974880,""state"":4},{""start_time"":1773974880,""end_time"":1773976020,""state"":2},{""start_time"":1773976020,""end_time"":1773976860,""state"":4},{""start_time"":1773976860,""end_time"":1773977820,""state"":3},{""start_time"":1773977820,""end_time"":1773978480,""state"":4},{""start_time"":1773978480,""end_time"":1773979320,""state"":3},{""start_time"":1773979320,""end_time"":1773980340,""state"":4},{""start_time"":1773980340,""end_time"":1773980640,""state"":3},{""start_time"":1773980640,""end_time"":1773980940,""state"":4},{""end_time"":1773981420,""start_time"":1773980940,""state"":2},{""end_time"":1773981720,""start_time"":1773981420,""state"":4},{""end_time"":1773982380,""start_time"":1773981720,""state"":3},{""end_time"":1773982980,""start_time"":1773982380,""state"":4},{""end_time"":1773984960,""start_time"":1773982980,""state"":3},{""end_time"":1773986520,""start_time"":1773984960,""state"":2},{""end_time"":1773986640,""start_time"":1773986520,""state"":3},{""end_time"":1773990120,""start_time"":1773986640,""state"":4}],""device_wake_up_time"":1773990120,""awake_count"":0,""sleep_deep_duration"":133,""wake_up_time"":1773990120}",1773993729,280
8298142508,2071160220,sleep,1773903720,"{""version"":5,""sleep_deep_duration"":144,""avg_hr"":60,""device_bedtime"":1773874680,""sleep_algorithm_version"":0,""sleep_awake_duration"":0,""device_wake_up_time"":1773903720,""sleep_efficiency"":96,""out_bed_timestamp"":1773903720,""max_hr"":84,""sleep_rem_duration"":121,""min_spo2"":94,""duration"":484,""sleep_light_duration"":219,""has_stage"":true,""timezone"":4,""bed_timestamp"":1773873720,""has_rem"":true,""bed_duration"":30000,""avg_breath"":16,""awake_count"":0,""avg_spo2"":97,""min_hr"":51,""bedtime"":1773874680,""max_spo2"":99,""sleep_duration"":960,""wake_up_time"":1773903720,""items"":[{""end_time"":1773875100,""start_time"":1773874680,""state"":3},{""end_time"":1773875580,""start_time"":1773875100,""state"":2},{""end_time"":1773875880,""start_time"":1773875580,""state"":3},{""end_time"":1773876180,""start_time"":1773875880,""state"":2},{""start_time"":1773876180,""end_time"":1773877080,""state"":4},{""start_time"":1773877080,""end_time"":1773877920,""state"":2},{""start_time"":1773877920,""end_time"":1773878760,""state"":3},{""start_time"":1773878760,""end_time"":1773879960,""state"":2},{""start_time"":1773879960,""end_time"":1773880980,""state"":4},{""start_time"":1773880980,""end_time"":1773881940,""state"":2},{""start_time"":1773881940,""end_time"":1773882720,""state"":4},{""start_time"":1773882720,""end_time"":1773883860,""state"":3},{""start_time"":1773883860,""end_time"":1773884820,""state"":4},{""start_time"":1773884820,""end_time"":1773887940,""state"":2},{""state"":3,""start_time"":1773887940,""end_time"":1773889740},{""state"":2,""start_time"":1773889740,""end_time"":1773890520},{""state"":3,""start_time"":1773890520,""end_time"":1773892560},{""state"":4,""start_time"":1773892560,""end_time"":1773893580},{""state"":3,""start_time"":1773893580,""end_time"":1773895380},{""state"":4,""start_time"":1773895380,""end_time"":1773896580},{""state"":2,""start_time"":1773896580,""end_time"":1773897180},{""state"":3,""start_time"":1773897180,""end_time"":1773900420},{""state"":2,""start_time"":1773900420,""end_time"":1773900780},{""state"":3,""start_time"":1773900780,""end_time"":1773902340},{""state"":4,""start_time"":1773902340,""end_time"":1773903720}]}",1773907330,255
8298142508,2071160220,sleep,1773818340,"{""wake_up_time"":1773818340,""min_hr"":51,""max_spo2"":99,""avg_hr"":62,""sleep_duration"":780,""bed_duration"":29100,""duration"":469,""has_stage"":true,""min_spo2"":95,""has_rem"":true,""sleep_rem_duration"":141,""timezone"":4,""sleep_deep_duration"":124,""out_bed_timestamp"":1773818340,""sleep_algorithm_version"":0,""version"":5,""device_wake_up_time"":1773818340,""avg_spo2"":98,""avg_breath"":16,""sleep_light_duration"":204,""sleep_efficiency"":96,""sleep_awake_duration"":3,""bed_timestamp"":1773789240,""max_hr"":88,""items"":[{""start_time"":1773790020,""end_time"":1773790980,""state"":3},{""start_time"":1773790980,""end_time"":1773791040,""state"":2},{""start_time"":1773791040,""end_time"":1773791220,""state"":3},{""start_time"":1773791220,""end_time"":1773791700,""state"":4},{""start_time"":1773791700,""end_time"":1773791760,""state"":2},{""start_time"":1773791760,""end_time"":1773792600,""state"":3},{""start_time"":1773792600,""end_time"":1773792900,""state"":4},{""start_time"":1773792900,""end_time"":1773793260,""state"":2},{""start_time"":1773793260,""end_time"":1773794820,""state"":4},{""start_time"":1773794820,""end_time"":1773796200,""state"":2},{""start_time"":1773796200,""end_time"":1773796380,""state"":5},{""start_time"":1773796380,""end_time"":1773797340,""state"":2},{""start_time"":1773797340,""end_time"":1773798060,""state"":3},{""start_time"":1773798060,""end_time"":1773800040,""state"":4},{""start_time"":1773800040,""end_time"":1773800940,""state"":2},{""start_time"":1773800940,""end_time"":1773801900,""state"":4},{""start_time"":1773801900,""end_time"":1773802860,""state"":2},{""start_time"":1773802860,""end_time"":1773803460,""state"":3},{""start_time"":1773803460,""end_time"":1773803880,""state"":4},{""start_time"":1773803880,""end_time"":1773806520,""state"":3},{""start_time"":1773806520,""end_time"":1773807300,""state"":4},{""start_time"":1773807300,""end_time"":1773808680,""state"":2},{""start_time"":1773808680,""end_time"":1773809400,""state"":4},{""start_time"":1773809400,""end_time"":1773810660,""state"":2},{""start_time"":1773810660,""end_time"":1773816780,""state"":3},{""start_time"":1773816780,""end_time"":1773816900,""state"":2},{""start_time"":1773816900,""end_time"":1773818160,""state"":4},{""start_time"":1773818160,""end_time"":1773818340,""state"":3}],""device_bedtime"":1773790020,""awake_count"":1,""bedtime"":1773790020}",1773823249,199
8298142508,2071160220,sleep,1773732360,"{""version"":5,""sleep_rem_duration"":122,""has_rem"":true,""bedtime"":1773704760,""avg_spo2"":97,""has_stage"":true,""min_hr"":50,""avg_hr"":60,""sleep_awake_duration"":0,""duration"":460,""wake_up_time"":1773732360,""device_bedtime"":1773704760,""bed_timestamp"":1773704580,""min_spo2"":93,""items"":[{""end_time"":1773705480,""start_time"":1773704760,""state"":3},{""end_time"":1773705840,""start_time"":1773705480,""state"":2},{""end_time"":1773706620,""start_time"":1773705840,""state"":3},{""end_time"":1773707160,""start_time"":1773706620,""state"":2},{""end_time"":1773709080,""start_time"":1773707160,""state"":3},{""end_time"":1773709680,""start_time"":1773709080,""state"":4},{""end_time"":1773710160,""start_time"":1773709680,""state"":2},{""end_time"":1773710460,""start_time"":1773710160,""state"":4},{""end_time"":1773712380,""start_time"":1773710460,""state"":2},{""end_time"":1773714180,""start_time"":1773712380,""state"":4},{""end_time"":1773715980,""start_time"":1773714180,""state"":2},{""end_time"":1773717240,""start_time"":1773715980,""state"":3},{""end_time"":1773717900,""start_time"":1773717240,""state"":4},{""end_time"":1773720420,""start_time"":1773717900,""state"":2},{""end_time"":1773722940,""start_time"":1773720420,""state"":3},{""end_time"":1773723360,""start_time"":1773722940,""state"":4},{""end_time"":1773724320,""start_time"":1773723360,""state"":3},{""end_time"":1773724800,""start_time"":1773724320,""state"":4},{""end_time"":1773726240,""start_time"":1773724800,""state"":2},{""end_time"":1773729000,""start_time"":1773726240,""state"":3},{""end_time"":1773729300,""start_time"":1773729000,""state"":4},{""end_time"":1773729600,""start_time"":1773729300,""state"":3},{""end_time"":1773732360,""start_time"":1773729600,""state"":4}],""awake_count"":0,""sleep_duration"":180,""sleep_algorithm_version"":0,""sleep_light_duration"":187,""max_spo2"":99,""avg_breath"":16,""sleep_efficiency"":99,""timezone"":4,""max_hr"":86,""sleep_deep_duration"":151,""out_bed_timestamp"":1773732360,""device_wake_up_time"":1773732360,""bed_duration"":27780}",1773735975,240
8298142508,2071160220,sleep,1773644400,"{""version"":5,""has_stage"":true,""duration"":401,""bed_duration"":25140,""has_rem"":true,""sleep_algorithm_version"":0,""max_hr"":85,""wake_up_time"":1773644400,""awake_count"":1,""device_bedtime"":1773619440,""sleep_rem_duration"":124,""sleep_deep_duration"":136,""bedtime"":1773619440,""sleep_duration"":180,""min_spo2"":94,""avg_spo2"":97,""device_wake_up_time"":1773644400,""avg_breath"":16,""max_spo2"":99,""out_bed_timestamp"":1773644400,""avg_hr"":60,""min_hr"":50,""bed_timestamp"":1773619260,""sleep_efficiency"":95,""items"":[{""end_time"":1773620820,""state"":3,""start_time"":1773619440},{""end_time"":1773621240,""state"":2,""start_time"":1773620820},{""end_time"":1773621780,""state"":3,""start_time"":1773621240},{""end_time"":1773623100,""state"":2,""start_time"":1773621780},{""end_time"":1773624000,""state"":5,""start_time"":1773623100},{""end_time"":1773624660,""state"":4,""start_time"":1773624000},{""end_time"":1773625260,""state"":2,""start_time"":1773624660},{""end_time"":1773625980,""state"":4,""start_time"":1773625260},{""end_time"":1773627900,""state"":2,""start_time"":1773625980},{""end_time"":1773628740,""state"":3,""start_time"":1773627900},{""end_time"":1773629760,""state"":4,""start_time"":1773628740},{""end_time"":1773630900,""state"":2,""start_time"":1773629760},{""end_time"":1773631860,""state"":4,""start_time"":1773630900},{""end_time"":1773633540,""state"":3,""start_time"":1773631860},{""end_time"":1773634080,""state"":4,""start_time"":1773633540},{""end_time"":1773634560,""state"":2,""start_time"":1773634080},{""end_time"":1773635160,""state"":4,""start_time"":1773634560},{""end_time"":1773635460,""state"":2,""start_time"":1773635160},{""end_time"":1773635760,""state"":4,""start_time"":1773635460},{""end_time"":1773636120,""state"":3,""start_time"":1773635760},{""end_time"":1773636600,""state"":4,""start_time"":1773636120},{""end_time"":1773638340,""state"":2,""start_time"":1773636600},{""end_time"":1773638700,""state"":3,""start_time"":1773638340},{""end_time"":1773639120,""state"":4,""start_time"":1773638700},{""end_time"":1773642360,""state"":3,""start_time"":1773639120},{""end_time"":1773643140,""state"":4,""start_time"":1773642360},{""end_time"":1773643380,""state"":2,""start_time"":1773643140},{""end_time"":1773643440,""state"":3,""start_time"":1773643380},{""end_time"":1773644400,""state"":4,""start_time"":1773643440}],""sleep_light_duration"":141,""timezone"":4,""sleep_awake_duration"":15}",1773648011,265
8298142508,2071160220,sleep,1773560280,"{""device_wake_up_time"":1773560280,""max_spo2"":99,""version"":5,""sleep_efficiency"":97,""awake_count"":0,""bed_timestamp"":1773535620,""sleep_duration"":600,""bed_duration"":24660,""min_hr"":52,""items"":[{""start_time"":1773536220,""state"":3,""end_time"":1773538140},{""start_time"":1773538140,""state"":2,""end_time"":1773538620},{""start_time"":1773538620,""state"":4,""end_time"":1773539220},{""start_time"":1773539220,""state"":3,""end_time"":1773539580},{""start_time"":1773539580,""state"":4,""end_time"":1773539940},{""start_time"":1773539940,""state"":2,""end_time"":1773540480},{""start_time"":1773540480,""state"":3,""end_time"":1773540780},{""start_time"":1773540780,""state"":2,""end_time"":1773541800},{""start_time"":1773541800,""state"":3,""end_time"":1773542640},{""start_time"":1773542640,""state"":4,""end_time"":1773543480},{""start_time"":1773543480,""state"":2,""end_time"":1773544920},{""start_time"":1773544920,""state"":3,""end_time"":1773545220},{""start_time"":1773545220,""state"":2,""end_time"":1773545580},{""start_time"":1773545580,""state"":4,""end_time"":1773546180},{""start_time"":1773546180,""state"":3,""end_time"":1773546600},{""start_time"":1773546600,""state"":2,""end_time"":1773547620},{""start_time"":1773547620,""state"":3,""end_time"":1773550020},{""start_time"":1773550020,""state"":2,""end_time"":1773551820},{""start_time"":1773551820,""state"":4,""end_time"":1773552960},{""start_time"":1773552960,""state"":3,""end_time"":1773555600},{""start_time"":1773555600,""state"":4,""end_time"":1773556020},{""start_time"":1773556020,""state"":2,""end_time"":1773556080},{""start_time"":1773556080,""state"":3,""end_time"":1773557220},{""start_time"":1773557220,""state"":4,""end_time"":1773557580},{""start_time"":1773557580,""state"":3,""end_time"":1773558180},{""start_time"":1773558180,""state"":4,""end_time"":1773560280}],""avg_hr"":62,""bedtime"":1773536220,""out_bed_timestamp"":1773560280,""avg_spo2"":97,""wake_up_time"":1773560280,""has_stage"":true,""sleep_algorithm_version"":0,""duration"":401,""max_hr"":85,""sleep_awake_duration"":0,""device_bedtime"":1773536220,""timezone"":4,""has_rem"":true,""min_spo2"":95,""avg_breath"":16,""sleep_light_duration"":182,""sleep_rem_duration"":107,""sleep_deep_duration"":112}",1773564114,509
8298142508,2071160220,sleep,1773477780,"{""timezone"":4,""out_bed_timestamp"":1773477780,""sleep_efficiency"":98,""sleep_deep_duration"":136,""max_hr"":83,""wake_up_time"":1773477780,""awake_count"":0,""has_rem"":true,""avg_spo2"":98,""max_spo2"":99,""min_spo2"":93,""has_stage"":true,""bedtime"":1773450480,""sleep_algorithm_version"":0,""bed_timestamp"":1773450180,""bed_duration"":27600,""sleep_rem_duration"":114,""avg_hr"":61,""device_wake_up_time"":1773477780,""sleep_duration"":300,""items"":[{""start_time"":1773450480,""state"":3,""end_time"":1773451260},{""start_time"":1773451260,""state"":2,""end_time"":1773451800},{""start_time"":1773451800,""state"":3,""end_time"":1773452340},{""start_time"":1773452340,""state"":2,""end_time"":1773452640},{""start_time"":1773452640,""state"":3,""end_time"":1773455040},{""start_time"":1773455040,""state"":4,""end_time"":1773456420},{""start_time"":1773456420,""state"":2,""end_time"":1773457860},{""start_time"":1773457860,""state"":3,""end_time"":1773458280},{""start_time"":1773458280,""state"":4,""end_time"":1773458880},{""start_time"":1773458880,""state"":2,""end_time"":1773460560},{""start_time"":1773460560,""state"":3,""end_time"":1773462840},{""start_time"":1773462840,""state"":2,""end_time"":1773463500},{""start_time"":1773463500,""state"":4,""end_time"":1773464340},{""start_time"":1773464340,""state"":2,""end_time"":1773464640},{""start_time"":1773464640,""state"":3,""end_time"":1773465360},{""start_time"":1773465360,""state"":2,""end_time"":1773466560},{""start_time"":1773466560,""state"":3,""end_time"":1773467220},{""start_time"":1773467220,""state"":2,""end_time"":1773468300},{""start_time"":1773468300,""state"":3,""end_time"":1773469440},{""start_time"":1773469440,""state"":2,""end_time"":1773470040},{""start_time"":1773470040,""state"":3,""end_time"":1773473400},{""start_time"":1773473400,""state"":2,""end_time"":1773473760},{""start_time"":1773473760,""state"":4,""end_time"":1773477780}],""version"":5,""avg_breath"":16,""sleep_light_duration"":205,""min_hr"":51,""device_bedtime"":1773450480,""sleep_awake_duration"":0,""duration"":455}",1773481394,410
8298142508,2071160220,sleep,1773388860,"{""sleep_rem_duration"":190,""has_stage"":true,""sleep_efficiency"":92,""sleep_duration"":540,""bed_timestamp"":1773354060,""min_hr"":48,""device_bedtime"":1773354600,""sleep_algorithm_version"":0,""sleep_deep_duration"":137,""bedtime"":1773354600,""min_spo2"":93,""avg_breath"":16,""out_bed_timestamp"":1773388860,""timezone"":4,""device_wake_up_time"":1773388860,""bed_duration"":34800,""has_rem"":true,""duration"":539,""max_hr"":85,""max_spo2"":99,""items"":[{""start_time"":1773354600,""state"":3,""end_time"":1773355680},{""start_time"":1773355680,""state"":2,""end_time"":1773356400},{""start_time"":1773356400,""state"":3,""end_time"":1773356940},{""start_time"":1773356940,""state"":4,""end_time"":1773357360},{""start_time"":1773357360,""state"":2,""end_time"":1773357720},{""start_time"":1773357720,""state"":3,""end_time"":1773358380},{""start_time"":1773358380,""state"":4,""end_time"":1773358560},{""start_time"":1773358560,""state"":2,""end_time"":1773358920},{""start_time"":1773358920,""state"":4,""end_time"":1773359400},{""start_time"":1773359400,""state"":3,""end_time"":1773359520},{""start_time"":1773359520,""state"":2,""end_time"":1773359940},{""start_time"":1773359940,""state"":3,""end_time"":1773361860},{""start_time"":1773361860,""state"":4,""end_time"":1773362520},{""start_time"":1773362520,""state"":2,""end_time"":1773363660},{""start_time"":1773363660,""state"":4,""end_time"":1773364800},{""state"":3,""end_time"":1773365820,""start_time"":1773364800},{""state"":5,""end_time"":1773367740,""start_time"":1773365820},{""state"":3,""end_time"":1773368220,""start_time"":1773367740},{""state"":4,""end_time"":1773369180,""start_time"":1773368220},{""state"":2,""end_time"":1773369540,""start_time"":1773369180},{""state"":3,""end_time"":1773370260,""start_time"":1773369540},{""state"":4,""end_time"":1773371160,""start_time"":1773370260},{""state"":2,""end_time"":1773372540,""start_time"":1773371160},{""state"":3,""end_time"":1773374700,""start_time"":1773372540},{""state"":4,""end_time"":1773375060,""start_time"":1773374700},{""state"":3,""end_time"":1773375540,""start_time"":1773375060},{""state"":4,""end_time"":1773376080,""start_time"":1773375540},{""state"":2,""end_time"":1773378120,""start_time"":1773376080},{""state"":3,""end_time"":1773378600,""start_time"":1773378120},{""state"":4,""end_time"":1773379320,""start_time"":1773378600},{""state"":3,""end_time"":1773380700,""start_time"":1773379320},{""state"":4,""end_time"":1773381060,""start_time"":1773380700},{""state"":2,""end_time"":1773382440,""start_time"":1773381060},{""state"":4,""end_time"":1773382920,""start_time"":1773382440},{""state"":3,""end_time"":1773384600,""start_time"":1773382920},{""state"":4,""end_time"":1773384900,""start_time"":1773384600},{""state"":2,""end_time"":1773384960,""start_time"":1773384900},{""start_time"":1773384960,""state"":4,""end_time"":1773388860}],""wake_up_time"":1773388860,""sleep_awake_duration"":32,""avg_hr"":59,""avg_spo2"":97,""version"":5,""awake_count"":1,""sleep_light_duration"":212}",1773392474,371
8298142508,2071160220,sleep,1773298800,"{""items"":[{""end_time"":1773271680,""state"":3,""start_time"":1773271080},{""end_time"":1773272160,""state"":2,""start_time"":1773271680},{""end_time"":1773272640,""state"":3,""start_time"":1773272160},{""end_time"":1773273240,""state"":2,""start_time"":1773272640},{""end_time"":1773274680,""state"":3,""start_time"":1773273240},{""end_time"":1773275400,""state"":4,""start_time"":1773274680},{""end_time"":1773276900,""state"":2,""start_time"":1773275400},{""end_time"":1773277260,""state"":4,""start_time"":1773276900},{""end_time"":1773277680,""state"":2,""start_time"":1773277260},{""end_time"":1773278040,""state"":4,""start_time"":1773277680},{""end_time"":1773279480,""state"":2,""start_time"":1773278040},{""end_time"":1773280620,""state"":3,""start_time"":1773279480},{""end_time"":1773281160,""state"":4,""start_time"":1773280620},{""end_time"":1773281520,""state"":3,""start_time"":1773281160},{""end_time"":1773283080,""state"":2,""start_time"":1773281520},{""end_time"":1773283980,""state"":4,""start_time"":1773283080},{""end_time"":1773284580,""state"":2,""start_time"":1773283980},{""end_time"":1773285540,""state"":3,""start_time"":1773284580},{""end_time"":1773286140,""state"":4,""start_time"":1773285540},{""end_time"":1773287460,""state"":3,""start_time"":1773286140},{""end_time"":1773288120,""state"":4,""start_time"":1773287460},{""end_time"":1773288780,""state"":3,""start_time"":1773288120},{""end_time"":1773290700,""state"":2,""start_time"":1773288780},{""end_time"":1773293400,""state"":3,""start_time"":1773290700},{""end_time"":1773293880,""state"":4,""start_time"":1773293400},{""end_time"":1773294240,""state"":2,""start_time"":1773293880},{""end_time"":1773294660,""state"":3,""start_time"":1773294240},{""end_time"":1773295260,""state"":2,""start_time"":1773294660},{""end_time"":1773298800,""state"":4,""start_time"":1773295260}],""duration"":462,""max_spo2"":99,""has_stage"":true,""sleep_light_duration"":168,""sleep_algorithm_version"":0,""device_bedtime"":1773271080,""device_wake_up_time"":1773298800,""bed_timestamp"":1773270600,""sleep_rem_duration"":136,""version"":5,""min_hr"":49,""out_bed_timestamp"":1773298800,""avg_breath"":16,""bedtime"":1773271080,""avg_hr"":58,""bed_duration"":28200,""max_hr"":86,""sleep_deep_duration"":158,""has_rem"":true,""wake_up_time"":1773298800,""min_spo2"":93,""timezone"":4,""sleep_efficiency"":98,""awake_count"":0,""sleep_duration"":480,""sleep_awake_duration"":0,""avg_spo2"":97}",1773302414,554
8298142508,2071160220,sleep,1773212580,"{""avg_spo2"":98,""device_bedtime"":1773185940,""sleep_light_duration"":217,""bed_duration"":27120,""out_bed_timestamp"":1773212580,""sleep_efficiency"":98,""min_hr"":50,""sleep_rem_duration"":103,""max_spo2"":99,""sleep_duration"":480,""has_stage"":true,""sleep_algorithm_version"":0,""awake_count"":0,""device_wake_up_time"":1773212580,""wake_up_time"":1773212580,""has_rem"":true,""avg_breath"":16,""sleep_deep_duration"":124,""max_hr"":83,""avg_hr"":57,""sleep_awake_duration"":0,""duration"":444,""items"":[{""end_time"":1773187140,""state"":3,""start_time"":1773185940},{""end_time"":1773188100,""state"":2,""start_time"":1773187140},{""end_time"":1773189720,""state"":3,""start_time"":1773188100},{""end_time"":1773191100,""state"":2,""start_time"":1773189720},{""end_time"":1773192000,""state"":4,""start_time"":1773191100},{""end_time"":1773192420,""state"":2,""start_time"":1773192000},{""end_time"":1773194100,""state"":3,""start_time"":1773192420},{""end_time"":1773195180,""state"":4,""start_time"":1773194100},{""end_time"":1773197400,""state"":2,""start_time"":1773195180},{""end_time"":1773200880,""state"":3,""start_time"":1773197400},{""end_time"":1773201780,""state"":4,""start_time"":1773200880},{""end_time"":1773203220,""state"":2,""start_time"":1773201780},{""end_time"":1773203760,""state"":3,""start_time"":1773203220},{""end_time"":1773204120,""state"":4,""start_time"":1773203760},{""end_time"":1773206100,""state"":3,""start_time"":1773204120},{""end_time"":1773207420,""state"":4,""start_time"":1773206100},{""end_time"":1773208260,""state"":2,""start_time"":1773207420},{""end_time"":1773209400,""state"":3,""start_time"":1773208260},{""end_time"":1773209940,""state"":4,""start_time"":1773209400},{""end_time"":1773210600,""state"":3,""start_time"":1773209940},{""end_time"":1773210900,""state"":4,""start_time"":1773210600},{""end_time"":1773211080,""state"":2,""start_time"":1773210900},{""end_time"":1773211860,""state"":4,""start_time"":1773211080},{""end_time"":1773212580,""state"":3,""start_time"":1773211860}],""bedtime"":1773185940,""min_spo2"":95,""bed_timestamp"":1773185460,""timezone"":4,""version"":5}",1773216217,374
8298142508,2071160220,sleep,1773126180,"{""awake_count"":0,""max_spo2"":99,""max_hr"":83,""out_bed_timestamp"":1773126180,""sleep_rem_duration"":78,""bedtime"":1773100260,""sleep_duration"":420,""timezone"":4,""sleep_light_duration"":242,""avg_spo2"":97,""bed_timestamp"":1773099840,""sleep_algorithm_version"":0,""has_stage"":true,""device_wake_up_time"":1773126180,""bed_duration"":26340,""items"":[{""start_time"":1773100260,""state"":3,""end_time"":1773105720},{""start_time"":1773105720,""state"":2,""end_time"":1773106860},{""start_time"":1773106860,""state"":4,""end_time"":1773107340},{""start_time"":1773107340,""state"":2,""end_time"":1773108180},{""start_time"":1773108180,""state"":4,""end_time"":1773108480},{""start_time"":1773108480,""state"":3,""end_time"":1773108960},{""start_time"":1773108960,""state"":2,""end_time"":1773110040},{""start_time"":1773110040,""state"":3,""end_time"":1773111420},{""start_time"":1773111420,""state"":4,""end_time"":1773112080},{""start_time"":1773112080,""state"":3,""end_time"":1773113640},{""start_time"":1773113640,""state"":4,""end_time"":1773114120},{""start_time"":1773114120,""state"":2,""end_time"":1773116280},{""start_time"":1773116280,""state"":3,""end_time"":1773117960},{""start_time"":1773117960,""state"":2,""end_time"":1773118440},{""start_time"":1773118440,""state"":3,""end_time"":1773119460},{""start_time"":1773119460,""state"":4,""end_time"":1773120180},{""start_time"":1773120180,""state"":3,""end_time"":1773121740},{""start_time"":1773121740,""state"":2,""end_time"":1773122520},{""start_time"":1773122520,""state"":3,""end_time"":1773123180},{""start_time"":1773123180,""state"":4,""end_time"":1773123600},{""start_time"":1773123600,""state"":2,""end_time"":1773123840},{""start_time"":1773123840,""state"":3,""end_time"":1773124560},{""start_time"":1773124560,""state"":4,""end_time"":1773126180}],""duration"":432,""sleep_deep_duration"":112,""wake_up_time"":1773126180,""avg_breath"":16,""sleep_efficiency"":98,""device_bedtime"":1773100260,""min_spo2"":93,""sleep_awake_duration"":0,""avg_hr"":57,""min_hr"":48,""version"":5,""has_rem"":true}",1773129794,457
8298142508,2071160220,sleep,1773042300,"{""bed_timestamp"":1773009900,""version"":5,""device_bedtime"":1773010140,""awake_count"":0,""max_hr"":87,""max_spo2"":99,""min_hr"":50,""has_rem"":true,""sleep_deep_duration"":150,""has_stage"":true,""bed_duration"":32400,""sleep_awake_duration"":0,""items"":[{""start_time"":1773010140,""end_time"":1773011280,""state"":3},{""start_time"":1773011280,""end_time"":1773011880,""state"":2},{""start_time"":1773011880,""end_time"":1773012840,""state"":3},{""start_time"":1773012840,""end_time"":1773013980,""state"":2},{""start_time"":1773013980,""end_time"":1773014520,""state"":3},{""start_time"":1773014520,""end_time"":1773015180,""state"":4},{""start_time"":1773015180,""end_time"":1773016860,""state"":2},{""start_time"":1773016860,""end_time"":1773017460,""state"":4},{""start_time"":1773017460,""end_time"":1773018780,""state"":2},{""start_time"":1773018780,""end_time"":1773020160,""state"":3},{""start_time"":1773020160,""end_time"":1773021240,""state"":4},{""start_time"":1773021240,""end_time"":1773023160,""state"":3},{""start_time"":1773023160,""end_time"":1773023700,""state"":2},{""start_time"":1773023700,""end_time"":1773024840,""state"":3},{""start_time"":1773024840,""end_time"":1773025260,""state"":4},{""start_time"":1773025260,""end_time"":1773026700,""state"":3},{""start_time"":1773026700,""end_time"":1773028860,""state"":4},{""start_time"":1773028860,""end_time"":1773030540,""state"":2},{""start_time"":1773030540,""end_time"":1773031560,""state"":3},{""start_time"":1773031560,""end_time"":1773032460,""state"":4},{""start_time"":1773032460,""end_time"":1773034500,""state"":3},{""start_time"":1773034500,""end_time"":1773035700,""state"":4},{""start_time"":1773035700,""end_time"":1773036600,""state"":2},{""start_time"":1773036600,""end_time"":1773037020,""state"":4},{""start_time"":1773037020,""end_time"":1773037860,""state"":2},{""start_time"":1773037860,""end_time"":1773039900,""state"":3},{""start_time"":1773039900,""end_time"":1773040200,""state"":2},{""start_time"":1773040200,""end_time"":1773041040,""state"":3},{""start_time"":1773041040,""end_time"":1773042300,""state"":4}],""duration"":536,""sleep_efficiency"":99,""device_wake_up_time"":1773042300,""avg_hr"":62,""timezone"":4,""out_bed_timestamp"":1773042300,""sleep_algorithm_version"":0,""sleep_light_duration"":241,""sleep_rem_duration"":145,""sleep_duration"":240,""avg_spo2"":97,""bedtime"":1773010140,""avg_breath"":16,""wake_up_time"":1773042300,""min_spo2"":94}",1773046698,523
8298142508,2071160220,sleep,1772947560,"{""max_hr"":107,""min_hr"":66,""device_bedtime"":1772928660,""avg_hr"":77,""sleep_deep_duration"":105,""sleep_light_duration"":112,""sleep_algorithm_version"":0,""max_spo2"":99,""bedtime"":1772928660,""has_stage"":true,""device_wake_up_time"":1772947560,""has_rem"":true,""items"":[{""start_time"":1772928660,""end_time"":1772930040,""state"":3},{""start_time"":1772930040,""end_time"":1772931840,""state"":2},{""start_time"":1772931840,""end_time"":1772932260,""state"":4},{""start_time"":1772932260,""end_time"":1772932320,""state"":3},{""start_time"":1772932320,""end_time"":1772933160,""state"":2},{""start_time"":1772933160,""end_time"":1772933400,""state"":3},{""start_time"":1772933400,""end_time"":1772933460,""state"":4},{""start_time"":1772933460,""end_time"":1772934720,""state"":3},{""start_time"":1772934720,""end_time"":1772936160,""state"":2},{""start_time"":1772936160,""end_time"":1772936280,""state"":3},{""start_time"":1772936280,""end_time"":1772936880,""state"":2},{""start_time"":1772936880,""end_time"":1772938020,""state"":4},{""start_time"":1772938020,""end_time"":1772938620,""state"":3},{""start_time"":1772938620,""end_time"":1772939700,""state"":2},{""start_time"":1772939700,""end_time"":1772940900,""state"":3},{""start_time"":1772940900,""end_time"":1772941920,""state"":5},{""start_time"":1772941920,""end_time"":1772942280,""state"":4},{""start_time"":1772942280,""end_time"":1772942580,""state"":2},{""start_time"":1772942580,""end_time"":1772942880,""state"":3},{""start_time"":1772942880,""end_time"":1772943480,""state"":4},{""start_time"":1772943480,""end_time"":1772944260,""state"":3},{""start_time"":1772944260,""end_time"":1772945220,""state"":4},{""start_time"":1772945220,""end_time"":1772945640,""state"":3},{""start_time"":1772945640,""end_time"":1772946600,""state"":4},{""start_time"":1772946600,""end_time"":1772946840,""state"":2},{""start_time"":1772946840,""end_time"":1772947200,""state"":3},{""start_time"":1772947200,""end_time"":1772947560,""state"":4}],""bed_duration"":19080,""avg_spo2"":98,""avg_breath"":19,""wake_up_time"":1772947560,""min_spo2"":95,""sleep_efficiency"":93,""bed_timestamp"":1772928480,""awake_count"":1,""out_bed_timestamp"":1772947560,""duration"":298,""sleep_awake_duration"":17,""version"":5,""timezone"":4,""sleep_rem_duration"":81,""sleep_duration"":180}",1772951320,676
8298142508,2071160220,sleep,1772863260,"{""sleep_deep_duration"":116,""has_stage"":true,""wake_up_time"":1772863260,""avg_spo2"":98,""max_spo2"":99,""min_spo2"":95,""sleep_duration"":360,""bed_timestamp"":1772841360,""avg_breath"":16,""device_wake_up_time"":1772863260,""max_hr"":87,""timezone"":4,""sleep_algorithm_version"":0,""version"":5,""bedtime"":1772841720,""sleep_efficiency"":98,""out_bed_timestamp"":1772863260,""duration"":359,""has_rem"":true,""avg_hr"":60,""bed_duration"":21900,""device_bedtime"":1772841720,""sleep_light_duration"":123,""sleep_rem_duration"":120,""min_hr"":52,""awake_count"":0,""sleep_awake_duration"":0,""items"":[{""state"":3,""end_time"":1772842800,""start_time"":1772841720},{""state"":2,""end_time"":1772843220,""start_time"":1772842800},{""state"":3,""end_time"":1772844060,""start_time"":1772843220},{""state"":4,""end_time"":1772844480,""start_time"":1772844060},{""state"":2,""end_time"":1772845200,""start_time"":1772844480},{""state"":3,""end_time"":1772846880,""start_time"":1772845200},{""state"":4,""end_time"":1772847660,""start_time"":1772846880},{""state"":2,""end_time"":1772848440,""start_time"":1772847660},{""state"":4,""end_time"":1772849520,""start_time"":1772848440},{""state"":2,""end_time"":1772850540,""start_time"":1772849520},{""state"":3,""end_time"":1772851140,""start_time"":1772850540},{""state"":4,""end_time"":1772851740,""start_time"":1772851140},{""state"":2,""end_time"":1772852460,""start_time"":1772851740},{""state"":3,""end_time"":1772855220,""start_time"":1772852460},{""state"":2,""end_time"":1772855880,""start_time"":1772855220},{""state"":4,""end_time"":1772856420,""start_time"":1772855880},{""state"":2,""end_time"":1772856900,""start_time"":1772856420},{""state"":3,""end_time"":1772857320,""start_time"":1772856900},{""state"":2,""end_time"":1772859480,""start_time"":1772857320},{""state"":4,""end_time"":1772863260,""start_time"":1772859480}]}",1772890585,289
8298142508,2071160220,sleep,1772782320,"{""max_hr"":85,""sleep_awake_duration"":20,""out_bed_timestamp"":1772782320,""wake_up_time"":1772782320,""timezone"":4,""sleep_deep_duration"":166,""sleep_efficiency"":94,""max_spo2"":99,""avg_hr"":56,""bed_timestamp"":1772749440,""items"":[{""end_time"":1772751300,""start_time"":1772749980,""state"":3},{""end_time"":1772751660,""start_time"":1772751300,""state"":2},{""end_time"":1772752500,""start_time"":1772751660,""state"":3},{""end_time"":1772752680,""start_time"":1772752500,""state"":4},{""end_time"":1772753100,""start_time"":1772752680,""state"":2},{""end_time"":1772753400,""start_time"":1772753100,""state"":4},{""end_time"":1772753580,""start_time"":1772753400,""state"":5},{""end_time"":1772755920,""start_time"":1772753580,""state"":4},{""end_time"":1772757240,""start_time"":1772755920,""state"":2},{""end_time"":1772757480,""start_time"":1772757240,""state"":4},{""end_time"":1772757900,""start_time"":1772757480,""state"":2},{""end_time"":1772758020,""start_time"":1772757900,""state"":3},{""end_time"":1772758080,""start_time"":1772758020,""state"":4},{""end_time"":1772758140,""start_time"":1772758080,""state"":3},{""end_time"":1772760120,""start_time"":1772758140,""state"":2},{""end_time"":1772761020,""start_time"":1772760120,""state"":3},{""end_time"":1772761380,""start_time"":1772761020,""state"":4},{""end_time"":1772761560,""start_time"":1772761380,""state"":3},{""end_time"":1772762340,""start_time"":1772761560,""state"":2},{""end_time"":1772764080,""start_time"":1772762340,""state"":3},{""end_time"":1772765100,""start_time"":1772764080,""state"":4},{""end_time"":1772765400,""start_time"":1772765100,""state"":2},{""end_time"":1772765460,""start_time"":1772765400,""state"":3},{""end_time"":1772765700,""start_time"":1772765460,""state"":4},{""end_time"":1772766780,""start_time"":1772765700,""state"":3},{""end_time"":1772766960,""start_time"":1772766780,""state"":5},{""end_time"":1772767080,""start_time"":1772766960,""state"":4},{""end_time"":1772768460,""start_time"":1772767080,""state"":3},{""end_time"":1772768640,""start_time"":1772768460,""state"":4},{""end_time"":1772769180,""start_time"":1772768640,""state"":2},{""end_time"":1772769480,""start_time"":1772769180,""state"":4},{""end_time"":1772770140,""start_time"":1772769480,""state"":3},{""end_time"":1772770920,""start_time"":1772770140,""state"":2},{""end_time"":1772772060,""start_time"":1772770920,""state"":4},{""end_time"":1772772480,""start_time"":1772772060,""state"":3},{""end_time"":1772774400,""start_time"":1772772480,""state"":2},{""end_time"":1772774700,""start_time"":1772774400,""state"":4},{""end_time"":1772775840,""start_time"":1772774700,""state"":2},{""end_time"":1772777040,""start_time"":1772775840,""state"":3},{""end_time"":1772777340,""start_time"":1772777040,""state"":4},{""end_time"":1772778060,""start_time"":1772777340,""state"":3},{""end_time"":1772778780,""start_time"":1772778060,""state"":4},{""end_time"":1772779560,""start_time"":1772778780,""state"":3},{""end_time"":1772780400,""start_time"":1772779560,""state"":5},{""end_time"":1772780880,""start_time"":1772780400,""state"":3},{""end_time"":1772781540,""start_time"":1772780880,""state"":4},{""end_time"":1772782320,""start_time"":1772781540,""state"":3}],""bed_duration"":32880,""min_hr"":48,""has_rem"":true,""version"":5,""duration"":519,""device_wake_up_time"":1772782320,""sleep_rem_duration"":141,""avg_spo2"":98,""has_stage"":true,""device_bedtime"":1772749980,""sleep_light_duration"":212,""sleep_algorithm_version"":0,""sleep_duration"":540,""bedtime"":1772749980,""avg_breath"":16,""min_spo2"":94,""awake_count"":3}",1772799528,271
8298142508,2071160220,sleep,1772722500,"{""bedtime"":1772721240,""min_spo2"":97,""bed_timestamp"":1772721180,""version"":5,""sleep_deep_duration"":0,""avg_spo2"":97,""avg_hr"":73,""device_wake_up_time"":1772722500,""max_hr"":80,""sleep_awake_duration"":0,""wake_up_time"":1772722500,""max_spo2"":97,""items"":[],""timezone"":4,""bed_duration"":1320,""sleep_efficiency"":95,""sleep_algorithm_version"":0,""sleep_duration"":60,""has_stage"":false,""has_rem"":false,""min_hr"":70,""out_bed_timestamp"":1772722500,""awake_count"":0,""sleep_rem_duration"":0,""sleep_light_duration"":0,""duration"":21,""device_bedtime"":1772721240}",1772726119,748
8298142508,2071160220,sleep,1772694180,"{""max_spo2"":99,""sleep_algorithm_version"":0,""has_rem"":true,""timezone"":4,""sleep_awake_duration"":72,""avg_spo2"":98,""duration"":355,""wake_up_time"":1772694180,""has_stage"":true,""device_wake_up_time"":1772694180,""device_bedtime"":1772668560,""sleep_efficiency"":81,""min_hr"":46,""sleep_rem_duration"":114,""avg_breath"":16,""bedtime"":1772668560,""avg_hr"":56,""sleep_deep_duration"":109,""sleep_duration"":480,""awake_count"":3,""bed_duration"":26100,""bed_timestamp"":1772668080,""min_spo2"":95,""max_hr"":85,""items"":[{""end_time"":1772669340,""start_time"":1772668560,""state"":3},{""end_time"":1772670180,""start_time"":1772669340,""state"":2},{""end_time"":1772671020,""start_time"":1772670180,""state"":3},{""end_time"":1772671380,""start_time"":1772671020,""state"":4},{""end_time"":1772673060,""start_time"":1772671380,""state"":2},{""end_time"":1772673600,""start_time"":1772673060,""state"":4},{""end_time"":1772674080,""start_time"":1772673600,""state"":3},{""end_time"":1772674980,""start_time"":1772674080,""state"":4},{""end_time"":1772675280,""start_time"":1772674980,""state"":2},{""end_time"":1772675520,""start_time"":1772675280,""state"":4},{""end_time"":1772678580,""start_time"":1772675520,""state"":2},{""end_time"":1772680800,""start_time"":1772678580,""state"":3},{""end_time"":1772681220,""start_time"":1772680800,""state"":4},{""end_time"":1772683860,""start_time"":1772681220,""state"":5},{""end_time"":1772684940,""start_time"":1772683860,""state"":4},{""end_time"":1772685240,""start_time"":1772684940,""state"":3},{""end_time"":1772685420,""start_time"":1772685240,""state"":5},{""end_time"":1772686740,""start_time"":1772685420,""state"":4},{""end_time"":1772688240,""start_time"":1772686740,""state"":5},{""end_time"":1772689980,""start_time"":1772688240,""state"":4},{""end_time"":1772690640,""start_time"":1772689980,""state"":2},{""end_time"":1772693040,""start_time"":1772690640,""state"":3},{""end_time"":1772693280,""start_time"":1772693040,""state"":4},{""end_time"":1772694180,""start_time"":1772693280,""state"":3}],""version"":5,""out_bed_timestamp"":1772694180,""sleep_light_duration"":132}",1772697799,748
8298142508,2071160220,sleep,1772611440,"{""min_hr"":47,""device_wake_up_time"":1772611440,""has_rem"":true,""out_bed_timestamp"":1772611440,""sleep_efficiency"":94,""wake_up_time"":1772611440,""sleep_algorithm_version"":0,""has_stage"":true,""version"":5,""timezone"":4,""avg_hr"":56,""avg_breath"":15,""bed_timestamp"":1772580960,""bed_duration"":30480,""items"":[{""end_time"":1772581860,""state"":3,""start_time"":1772581140},{""end_time"":1772582280,""state"":2,""start_time"":1772581860},{""end_time"":1772582820,""state"":3,""start_time"":1772582280},{""end_time"":1772584320,""state"":2,""start_time"":1772582820},{""end_time"":1772584380,""state"":3,""start_time"":1772584320},{""end_time"":1772585280,""state"":5,""start_time"":1772584380},{""end_time"":1772585880,""state"":4,""start_time"":1772585280},{""end_time"":1772587620,""state"":2,""start_time"":1772585880},{""end_time"":1772588220,""state"":4,""start_time"":1772587620},{""end_time"":1772589000,""state"":2,""start_time"":1772588220},{""end_time"":1772589240,""state"":4,""start_time"":1772589000},{""end_time"":1772589660,""state"":3,""start_time"":1772589240},{""end_time"":1772590260,""state"":4,""start_time"":1772589660},{""end_time"":1772590500,""state"":2,""start_time"":1772590260},{""end_time"":1772593320,""state"":3,""start_time"":1772590500},{""end_time"":1772593860,""state"":4,""start_time"":1772593320},{""end_time"":1772593980,""state"":2,""start_time"":1772593860},{""end_time"":1772594220,""state"":4,""start_time"":1772593980},{""end_time"":1772596020,""state"":2,""start_time"":1772594220},{""end_time"":1772596440,""state"":4,""start_time"":1772596020},{""end_time"":1772596620,""state"":2,""start_time"":1772596440},{""end_time"":1772596920,""state"":4,""start_time"":1772596620},{""end_time"":1772597340,""state"":3,""start_time"":1772596920},{""end_time"":1772597640,""state"":4,""start_time"":1772597340},{""end_time"":1772598540,""state"":2,""start_time"":1772597640},{""end_time"":1772600880,""state"":3,""start_time"":1772598540},{""end_time"":1772601840,""state"":4,""start_time"":1772600880},{""end_time"":1772602200,""state"":3,""start_time"":1772601840},{""end_time"":1772602440,""state"":2,""start_time"":1772602200},{""end_time"":1772602920,""state"":3,""start_time"":1772602440},{""end_time"":1772603580,""state"":4,""start_time"":1772602920},{""end_time"":1772603940,""state"":3,""start_time"":1772603580},{""end_time"":1772604540,""state"":5,""start_time"":1772603940},{""end_time"":1772605140,""state"":4,""start_time"":1772604540},{""end_time"":1772610300,""state"":3,""start_time"":1772605140},{""end_time"":1772611440,""state"":4,""start_time"":1772610300}],""max_hr"":85,""awake_count"":2,""duration"":480,""sleep_awake_duration"":25,""sleep_rem_duration"":120,""min_spo2"":95,""avg_spo2"":98,""device_bedtime"":1772581140,""sleep_deep_duration"":132,""sleep_light_duration"":228,""max_spo2"":99,""bedtime"":1772581140,""sleep_duration"":180}",1772615059,543
8298142508,2071160220,sleep,1772523660,"{""sleep_light_duration"":201,""items"":[{""start_time"":1772494560,""end_time"":1772495580,""state"":3},{""start_time"":1772495580,""end_time"":1772496360,""state"":2},{""start_time"":1772496360,""end_time"":1772496840,""state"":3},{""start_time"":1772496840,""end_time"":1772496960,""state"":4},{""start_time"":1772496960,""end_time"":1772497260,""state"":3},{""start_time"":1772497260,""end_time"":1772497500,""state"":2},{""start_time"":1772497500,""end_time"":1772497800,""state"":3},{""start_time"":1772497800,""end_time"":1772498760,""state"":4},{""start_time"":1772498760,""end_time"":1772500140,""state"":2},{""start_time"":1772500140,""end_time"":1772500740,""state"":4},{""start_time"":1772500740,""end_time"":1772501700,""state"":2},{""start_time"":1772501700,""end_time"":1772502840,""state"":4},{""start_time"":1772502840,""end_time"":1772502900,""state"":3},{""start_time"":1772502900,""end_time"":1772502960,""state"":4},{""start_time"":1772502960,""end_time"":1772503380,""state"":2},{""start_time"":1772503380,""end_time"":1772503500,""state"":4},{""start_time"":1772503500,""end_time"":1772503680,""state"":3},{""start_time"":1772503680,""end_time"":1772505180,""state"":2},{""start_time"":1772505180,""end_time"":1772505840,""state"":4},{""start_time"":1772505840,""end_time"":1772505960,""state"":2},{""start_time"":1772505960,""end_time"":1772506260,""state"":4},{""start_time"":1772506260,""end_time"":1772506440,""state"":3},{""start_time"":1772506440,""end_time"":1772506560,""state"":2},{""start_time"":1772506560,""end_time"":1772507280,""state"":3},{""start_time"":1772507280,""end_time"":1772507460,""state"":4},{""start_time"":1772507460,""end_time"":1772507580,""state"":2},{""start_time"":1772507580,""end_time"":1772507640,""state"":4},{""start_time"":1772507640,""end_time"":1772507880,""state"":3},{""start_time"":1772507880,""end_time"":1772508060,""state"":2},{""start_time"":1772508060,""end_time"":1772508660,""state"":3},{""start_time"":1772508660,""end_time"":1772510160,""state"":2},{""start_time"":1772510160,""end_time"":1772510580,""state"":4},{""start_time"":1772510580,""end_time"":1772511240,""state"":2},{""start_time"":1772511240,""end_time"":1772511840,""state"":4},{""start_time"":1772511840,""end_time"":1772511900,""state"":3},{""start_time"":1772511900,""end_time"":1772512080,""state"":2},{""start_time"":1772512080,""end_time"":1772513460,""state"":3},{""start_time"":1772513460,""end_time"":1772514060,""state"":4},{""start_time"":1772514060,""end_time"":1772515980,""state"":3},{""start_time"":1772515980,""end_time"":1772516280,""state"":4},{""start_time"":1772516280,""end_time"":1772516340,""state"":2},{""start_time"":1772516340,""end_time"":1772516640,""state"":4},{""start_time"":1772516640,""end_time"":1772517120,""state"":3},{""start_time"":1772517120,""end_time"":1772518020,""state"":2},{""start_time"":1772518020,""end_time"":1772521020,""state"":3},{""start_time"":1772521020,""end_time"":1772521200,""state"":4},{""start_time"":1772521200,""end_time"":1772521560,""state"":5},{""start_time"":1772521560,""end_time"":1772522160,""state"":4},{""start_time"":1772522160,""end_time"":1772522520,""state"":2},{""start_time"":1772522520,""end_time"":1772523660,""state"":3}],""wake_up_time"":1772523660,""avg_hr"":56,""bed_duration"":29640,""max_spo2"":99,""version"":5,""sleep_awake_duration"":6,""device_wake_up_time"":1772523660,""min_spo2"":94,""max_hr"":78,""awake_count"":1,""sleep_deep_duration"":158,""bedtime"":1772494560,""timezone"":4,""sleep_efficiency"":96,""avg_breath"":15,""has_rem"":true,""avg_spo2"":97,""duration"":479,""min_hr"":49,""sleep_duration"":540,""out_bed_timestamp"":1772523660,""has_stage"":true,""sleep_algorithm_version"":0,""device_bedtime"":1772494560,""sleep_rem_duration"":120,""bed_timestamp"":1772494020}",1772527405,512
8298142508,2071160220,sleep,1772465220,"{""awake_count"":0,""bedtime"":1772463660,""min_hr"":70,""has_stage"":false,""bed_duration"":1620,""sleep_efficiency"":96,""device_wake_up_time"":1772465220,""wake_up_time"":1772465220,""sleep_deep_duration"":0,""max_spo2"":97,""avg_hr"":73,""sleep_rem_duration"":0,""avg_spo2"":96,""sleep_duration"":60,""timezone"":4,""version"":5,""has_rem"":false,""sleep_light_duration"":0,""items"":[],""sleep_awake_duration"":0,""min_spo2"":95,""max_hr"":79,""sleep_algorithm_version"":0,""device_bedtime"":1772463660,""bed_timestamp"":1772463600,""out_bed_timestamp"":1772465220,""duration"":26}",1772471076,658
8298142508,2071160220,sleep,1772440320,"{""wake_up_time"":1772440320,""sleep_efficiency"":54,""max_spo2"":98,""max_hr"":83,""has_rem"":false,""items"":[],""min_hr"":56,""sleep_deep_duration"":0,""sleep_algorithm_version"":0,""has_stage"":false,""duration"":40,""avg_hr"":64,""bed_timestamp"":1772435880,""device_bedtime"":1772432820,""sleep_light_duration"":0,""min_spo2"":95,""sleep_awake_duration"":0,""avg_spo2"":97,""timezone"":4,""awake_count"":0,""sleep_duration"":2040,""device_wake_up_time"":1772440320,""bed_duration"":4440,""version"":5,""bedtime"":1772437920,""out_bed_timestamp"":1772440320,""sleep_rem_duration"":0}",1772444958,658
8298142508,2071160220,sleep,1772436960,"{""wake_up_time"":1772436960,""sleep_efficiency"":54,""max_spo2"":99,""max_hr"":79,""has_rem"":false,""items"":[],""min_hr"":54,""sleep_deep_duration"":0,""sleep_algorithm_version"":0,""has_stage"":false,""duration"":69,""avg_hr"":61,""bed_timestamp"":1772435880,""device_bedtime"":1772432820,""sleep_light_duration"":0,""min_spo2"":95,""sleep_awake_duration"":0,""avg_spo2"":97,""timezone"":4,""awake_count"":0,""sleep_duration"":2040,""device_wake_up_time"":1772440320,""bed_duration"":4440,""version"":5,""bedtime"":1772432820,""out_bed_timestamp"":1772440320,""sleep_rem_duration"":0}",1772444958,658
8298142508,2071160220,sleep,1772428860,"{""sleep_algorithm_version"":0,""duration"":202,""sleep_deep_duration"":55,""has_rem"":true,""wake_up_time"":1772428860,""max_hr"":75,""timezone"":4,""items"":[{""start_time"":1772416500,""state"":3,""end_time"":1772418120},{""start_time"":1772418120,""state"":2,""end_time"":1772418480},{""start_time"":1772418480,""state"":3,""end_time"":1772418540},{""start_time"":1772418540,""state"":5,""end_time"":1772418780},{""start_time"":1772418780,""state"":2,""end_time"":1772419920},{""start_time"":1772419920,""state"":4,""end_time"":1772420640},{""start_time"":1772420640,""state"":3,""end_time"":1772422140},{""start_time"":1772422140,""state"":4,""end_time"":1772422680},{""start_time"":1772422680,""state"":3,""end_time"":1772424660},{""start_time"":1772424660,""state"":2,""end_time"":1772425980},{""start_time"":1772425980,""state"":4,""end_time"":1772426820},{""start_time"":1772426820,""state"":2,""end_time"":1772427300},{""start_time"":1772427300,""state"":3,""end_time"":1772427960},{""start_time"":1772427960,""state"":4,""end_time"":1772428440},{""start_time"":1772428440,""state"":3,""end_time"":1772428860}],""max_spo2"":99,""sleep_efficiency"":90,""bed_duration"":13380,""bedtime"":1772416500,""avg_breath"":14,""device_wake_up_time"":1772428860,""avg_spo2"":97,""sleep_duration"":1020,""out_bed_timestamp"":1772428860,""device_bedtime"":1772416500,""avg_hr"":58,""min_hr"":53,""awake_count"":1,""version"":5,""sleep_rem_duration"":43,""sleep_light_duration"":104,""has_stage"":true,""min_spo2"":95,""sleep_awake_duration"":4,""bed_timestamp"":1772415480}",1772437188,658
